final_label,count,original_skills
Natural Language Processing (NLP),20,"Natural Language Processing (NLP, natural language understanding, natural language processing, NLP Systems, GPT-4, NLP (Natural Language Processing, GPT, ChatGPT, Natural Language Classification, GPT-4o, natural-language processing, natural language processing (NLP, Natural Language Processing, Natural Language Understanding, language processing, NLP Best Practices, Natural language processing, NLP, GPT-3, Chat Bot"
Large Language Models (LLMs),13,"LLM, Large Language Models (LLMs, LLM models, LLM research, large language models (LLMs, Large Language Models, Large Language Models (LLM, LLMs, LLMs (Large Language Models, LLM frameworks, LLM architectures, large language models, Large Language Model (LLM"
Database Management,12,"Database development, Data Querying, relational databases, which is a database, database querying, MS SQL Server, Database Software, SQL, Relational databases, databases, RDBMS, SQL Server"
API Development & Architecture,12,"API, API development, RESTful architecture, RESTful APIs, REST API, Real-time APIs, Event-based APIs, Event-driven Architecture Tools, REST APIs, API Management, Event-driven Architecture, APIs"
Python Data Science,12,"Scikit-Learn, NumPy, scikit-learn, SciKitLearn, SciPy, Scikit, SCIP, PsychoPy, Python, numpy, Scikit-learn, scipy"
Software Development Engineering,10,"Code Development, software engineering, computer science, software development, Software Engineering, Computer Science, development, Computer Engineering, software programming, Software Development"
Cloud Computing,9,"Cloud Development, cloud infrastructure, cloud development, Cloud Environment, cloud computing, Cloud Computing, cloud, Cloud Architecture, Cloud Technologies"
Data Security & Compliance,9,"security best practices, Data Compliance Tools, security, Data Compliance, Data Security, Data Security Tools, Security, compliance, Compliance"
Data Engineering & Analytics Tools,8,"Data Science Tools, data exploration tools, data analytics tools, data engineering, Data Engineering Tools, data analysis tools, statistical analysis tools, Data Engineering"
Data Analytics,8,"analytics, data analytics, Google Analytics, Analytics tools, Analytics, business analytics, web analytics, Data Analytics"
Machine Learning,8,"self-supervised learning, supervised learning, Machine learning, machine learning, machine learning algorithms, Supervised Learning, Machine Learning, Machine Learning (ML"
SAS Programming,7,"SAS/SQL, SAS/STAT, SAS Macro language, SAS, Base SAS, SAS/BASE, SAS/MACRO"
Transformer Architectures,7,"transformers, Transformer, multimodal transformers, Vision Transformers, Transformers, transformer-based models, Transformer-based architectures"
Time Series Analysis,7,"Time Series Analysis, time-series databases, Time Series Modeling, Time-Series Data Analysis, Time-series models, time-series analysis, Time-series (ARIMA"
Data Management & Strategy,7,"Data-Driven Decision Making, Data-driven Decision Making, Data Strategy, Data Management, data management, data-driven approach, Data-driven strategies"
Data Pipelining,7,"data pipelining, Serving pipelines, data pipeline frameworks, ML Pipelines, Data Pipelines, data pipeline automation, data pipelines"
Data Modeling & Statistical Analysis,7,"Data modeling, Data Modeling, Statistical Models, data modeling, Statistical Modeling, Data Modelling, statistical modeling"
GPU Computing,7,"GPU acceleration, ARM processors, GPU processors, GPU/CPU architectures, GPUs, Nvidia GPUs, GPU"
Cloud Computing Platforms,7,"cloud ML platforms, Google Cloud Platform (GCP, Cloud Platforms, Google Cloud, cloud platforms, Google Cloud Platform, cloud data platforms"
Data Analysis & Statistics,7,"statistical analysis, Statistical Analysis, Data analysis, Statistical analysis, Data Analysis, data analysis, Statistical Data Analysis"
Agile Development Methodologies,7,"Agile, Agile software development, Agile methodologies, Agile Delivery, Agile Methodologies, Agile development, Agile/Scrum development methodology"
Version Control & Collaboration,7,"GitHub Copilot, GIT, GitHub Actions, Git, GitLab, Git (not explicitly mentioned but implied by code management and collaboration, GitHub"
Apache Spark Development,6,"PySpark, PySpark Framework, Spark MLLib, Apache Spark, Spark, Pyspark"
Microsoft Office Suite,6,"Microsoft 365, Microsoft Office Suite, MS Office Suite, MS Office, Microsoft Office, MS Access"
Machine Learning Engineering,6,"Sagemaker, SageMaker, AWS SageMaker, as SageMaker is an AWS service, Sagemaker Pipelines, Amazon SageMaker"
Mathematics and Data Analysis,6,"Mathematica, mathematics, SharePoint, Math, Applied Mathematics, ArcGIS"
Version Control Management,6,"code version control, versioning tools, Version Control, source control management, version control, Source control management"
Regression Analysis,6,"Regression, regression analysis, Regression Models, linear regression, Linear Regression, regression techniques"
Signal Processing,6,"Audio Signal Processing, Signal processing, signal detection theory, speech and audio processing, signal processing, Image Processing"
Retrieval-Augmented Generation (RAG),6,"RAG implementation, RAG, RAG (retrieval augmented generation, Retrieval-Augmented Generation (RAG, RAG systems, retrieval-augmented generation (RAG"
Deep Learning/Neural Networks,6,"neural networks, Neural Networks, deep learning, neural network architectures, Deep Learning Tools, Deep Learning"
Generative AI Technologies,6,"GANs, Generative Adversarial Networks (GANs, generative technologies, generative AI, Generative AI, generative AI technologies"
Data Engineering,6,"data manipulation, data generation, Data Manipulation, Data Synthesis, data synthesis, Data Transformation"
Microservices Architecture,6,"containerized microservices, microservices, Microservices architecture, Microservices, Microservice Architecture, Microservices Tools"
Computer Vision,6,"Computer Vision models, Computer Vision, computer vision, Computer vision, Vision, AI-Computer Vision"
Big Data Engineering,6,"big data systems, Big Data technologies, big data architecture, Big Data, big data tools, Big data technologies"
Amazon Web Services (AWS),5,"ECS, EC2, AWS AI, AWS (implied, AWS"
Code Quality Assurance,5,"code review, Code reviews, Code review, code reviews, Code Quality"
User Interface (UI) Design & Development,5,"design, UI development, UI Design, UI design system, user interface design"
TensorFlow Ecosystem,5,"Tensorflow, Tensorboard, TensorFlow, TensorFlow Serving, NVIDIA TensorRT"
Reinforcement Learning,5,"reinforcement learning, Deep Reinforcement Learning, Reinforcement Learnings (RL, Reinforcement Learning, Reinforcement learning models"
Data Visualization,5,"Data visualization, Data Visualization, Data Visualization (implied, Data Visualization Tools, data visualization"
Predictive Modeling,5,"Predictive Modelling, Predictive Modeling, Predictive Analytics, predictive modeling, predictive modelling"
Performance Engineering,5,"performance measurement, performance, Performance Measurement Frameworks, performance requirements, performance modeling"
Networking and Deep Learning Frameworks,5,"networking, NET, MXNet, Networking, MxNet"
Multimodal Modeling,5,"multimodal data, Multimodal Models, Multimodality models, multi-modal modeling, Unimodal/multimodal content classifiers"
Data Visualization & Dashboarding,5,"Dashboard Software, Dashboard Development, dashboarding, predictive dashboards, dashboards"
Data Quality Assurance,5,"data quality checks, Data Quality, Data quality control, data quality metrics, data quality assurance"
Causal Inference,5,"causal inference, Causal ML, Causal Inference Modeling, causal inference techniques, Causal Inference"
Containerization,5,"containers, containerization, Containerization, Containers, Containerization Tools"
Data Integration (ETL),5,"ETL pipelines, ETL workflows, ETL programs, ETL processes, ETL"
Distributed Computing Systems,5,"distributed systems, Distributed data processing, distributed computing, Distributed Computing, Distributed Systems"
Data Mining,5,"text mining, Data mining, data mining, Text Mining, Data Mining"
Data Warehousing,5,"data warehousing, Data Warehouse, Data Warehousing, data warehouses, Data Warehousing Tools"
Data Embeddings,4,"embeddings, custom embedding models, Data Embedding, embedding technologies"
Data Analytics and Intelligence,4,"Qlik, SIGINT, QLoRA, Qdrant"
Continuous Integration/Continuous Deployment (CI/CD),4,"CDISC, CI/CD Pipelines, CI/CD, CI/CD pipelines"
Azure AI and Cognitive Services,4,"Azure AI Search, Azure Cognitive Search, Azure AI Studio, Azure AI Services"
Bedrock/AWS Bedrock,4,"Bedrock Agents, Amazon Bedrock, Bedrock, AWS Bedrock"
Bayesian Methods,4,"Bayesian statistics, Bayesian inference techniques, Bayesian modeling, Bayesian Inference"
Azure Cloud Computing,4,"Azure ML, Microsoft Azure, Azure, Azure Cloud Services"
Automation Engineering,4,"Auto, Automation, industrial automation, automation"
Automated Testing,4,"automated testing frameworks, testing, testing frameworks, Automated testing"
Algorithm Development,4,"Algorithms, Algorithm Development, algorithms, Search Algorithms"
Data Science,4,"data science methods, Data Science, Data science, data science"
Infrastructure as Code (IaC),4,"Infrastructure as Code (IaC, infrastructure management, Infrastructure as Code, infrastructure as code"
Edge Computing,4,"edge learning, Edge Processing, Edge, edge computing"
Graph Algorithms,4,"Graph-based algorithms, graph-based algorithms, graph algorithms, Graph-Based Algorithms"
Data Reporting,4,"Data Reporting, Reporting, reporting, data reporting"
Databricks,4,"Databricks Serving, Databricks SQL, Databricks, Databricks Asset Bundles"
Message Queueing,4,"RabbitMQ, ZeroMQ, ActiveMQ, CluePoints RBQM"
"It seems there are no skills listed. Please provide the actual skills, and I'll be happy to",4,"but not explicitly stated, not explicitly mentioned, not explicitly stated, but not explicitly mentioned"
Image Classification,4,"Classification, classification, Scene Classification, scene classification"
Recommender Systems,4,"Recommendation Systems, personalization recommendations, Recommendation, Recommender Systems"
Model Deployment,4,"AI model deployment, Model deployment, model deployment, Model Deployment"
Operations Management,4,"Operations experience, Operations Research, operations research, operations"
Optimization Algorithms,4,"Gradient Boosting Algorithms, Gradient Descent, gradient boosting, gradient descent"
Optimization Techniques,4,"optimization, Optimization, Operations Optimization, Optimization Algorithms"
Model Training and Development,4,"Model Development, Model Training, Distributed model training, model training"
Project/Program Management,4,"Project Management, project management, project/program management, program management"
Probabilistic and Statistical Programming,4,"statistical programming, Statistical Programming, probabilistic modeling, probabilistic programming"
Project Management Tools,4,"Stata, JIRA, LoRA, Jira"
Statistics,4,"statistical techniques, statistical methods, Statistical Methods, Statistical Techniques"
Spreadsheet Development,4,"Microsoft Excel, Excel, Google Sheets, VBA"
Scripting Languages,4,"scripting languages, shell scripting, scripting, Scripting"
Vertex AI Engineering,4,"Google Vertex AI, Vertex AI, GCP Vertex AI, Vertex AI Pipelines"
